JSD,RNSS,NMD_A,NMD_E,NMD_S,RSNOD_A,RSNOD_E,RSNOD_S
0.02904677140333624,0.10349698031436405,0.09135229518896315,0.08508171717323144,0.08240727707306345,0.13436150363452548,0.1261157386588752,0.12759331190333317
0.029461614602818074,0.10302213769656973,0.0906998518459947,0.08523986934463328,0.08081326324593974,0.13689422227125714,0.12864815560228293,0.13048224485651394
0.026911589992223067,0.10149381838855306,0.08753139080222316,0.09260692200158242,0.08421710674849452,0.1335972142240669,0.13603100198473636,0.13099719232903378
0.025161759001242415,0.09658674190613191,0.09256795365799882,0.09758884063498964,0.08544746624786687,0.13414287073815695,0.14126378438577214,0.13330463853878258
