method,epoch,lr,stack,bs,gating,Fsize,hiddens,Fnum,JSD,RNSS,time
CNNRNN,10,0.001,1,30,False,2_2,1024,256,0.03084336745899604,0.10604674470144684,5.2223037224495785
CNNRNN,10,0.001,2,30,False,2_2,1024,256_512,0.027698038688781505,0.09819617859638753,6.533953974186443
CNNRNN,10,0.001,3,30,False,2_2,1024,256_512_1024,0.026526965131677474,0.09653823112351387,10.015797443920746
CNNRNN,10,0.001,1,30,False,2_2,1024,128,0.029876822283250514,0.10595535441386979,4.964321120642126
CNNRNN,14,0.001,2,30,False,2_2,1024,128_256,0.02838839419764234,0.10318987997887301,5.320085482505549
CNNRNN,13,0.001,3,30,False,2_2,1024,128_256_512,0.028289992318225633,0.10361901146790234,6.656758931769918
CNNRNN,17,0.001,1,30,False,2_2,1024,256,0.02694188223234621,0.09902112657416448,5.034108508049565
CNNRNN,18,0.001,2,30,False,2_2,1024,256_512,0.02621229739028626,0.09817771234271214,6.261978943030247
CNNRNN,19,0.001,3,30,False,2_2,1024,256_512_1024,0.027355357603766915,0.09909062704956739,9.73856816508219
