method,epoch,lr,stack,bs,gating,Fsize,hiddens,Fnum,NMD,RSNOD,time
CNNCNN,13,0.001,2,40,True,2_2,1024,512_1024,0.0848909483524588,0.1341480070223569,7.944169630242798
CNNCNN,10,0.001,3,40,True,2_2,1024,256_512_1024,0.08705379344729267,0.13295682175302154,8.685399309103378
CNNCNN,12,0.001,2,40,True,2_2,1024,512_1024,0.07633742903441906,0.1246888545438102,7.979573734221049
CNNCNN,13,0.001,3,40,True,2_2,1024,256_512_1024,0.0755032877613354,0.12270431033305404,8.576382182914621
CNNCNN,10,0.001,3,40,True,2_2,1024,256_512_1024,0.08714900593334064,0.13121598655099817,8.425689609441907
