method,epoch,lr,stack,bs,gating,batch_norm,Fsize,hiddens,Fnum,NMD,RSNOD,time
CNNCNNNDF,9,0.001,2,40,True,False,2_2,1024,512_1024,0.07957591851470876,0.12913404454842517,7.014406844352682
CNNCNNNDF,13,0.001,2,40,True,True,2_2,1024,512_1024,0.08082864756336715,0.13094543233517322,7.4667052699324605
CNNCNNNDF,17,0.001,3,40,True,False,2_2,1024,256_512_1024,0.07847892831058448,0.12739968414821892,7.599461791954716
CNNCNNNDF,14,0.001,3,40,True,True,2_2,1024,256_512_1024,0.08250499533537628,0.12978251236822605,8.064082346025057
