method,epoch,lr,stack,bs,gating,batch_norm,Fsize,hiddens,Fnum,NMD,RSNOD,time
CNNCNNNDF,11,0.001,2,40,True,False,2_2,1024,512_1024,0.08700762118577944,0.13209257571853042,6.995676911859349
CNNCNNNDF,11,0.001,2,40,True,True,2_2,1024,512_1024,0.08580297421252843,0.13360136625264796,7.442746018567546
CNNCNNNDF,9,0.001,3,40,True,False,2_2,1024,256_512_1024,0.08961919906409418,0.1348691442897803,7.583936131611052
CNNCNNNDF,15,0.001,3,40,True,True,2_2,1024,256_512_1024,0.09271930460865661,0.1408657255852763,8.086748264388492
