JSD,RNSS,NMD_A,NMD_E,NMD_S,RSNOD_A,RSNOD_E,RSNOD_S
0.02834877057919061,0.10133018156189921,0.09232163325554575,0.08594349929490334,0.08708037721976186,0.1378301611606029,0.12621634772031343,0.13440118718087413
0.02698149768771171,0.10061207029517683,0.09043417363013286,0.09282488119208557,0.0858486666212692,0.13589478426336085,0.13215938909603747,0.13489993131573347
0.027118796168756756,0.10288269811979114,0.09635813889465915,0.08672895170092197,0.084450923571323,0.1358320066204413,0.1314652277354513,0.13404882140090774
0.026460881549679537,0.09767169404169032,0.10029371099365321,0.09519330675704882,0.08637231233334706,0.1468683499345479,0.13687676138847485,0.13553626082797682
